model,seed,method,kv_side,bits_per_dim,dataset,ppl,delta,wall_s,c1_rounding
llama31_8b,45,FP16,fp16,16.0,wikitext2,5.710827988708767,0.0,0.0,floor
llama31_8b,45,FP16,fp16,16.0,ptb,8.539556579543753,0.0,0.0,floor
llama31_8b,45,FP16,fp16,16.0,c4,8.755488862528864,0.0,0.0,floor
llama31_8b,45,KV-COBRA-MSE,k_only,0.5,wikitext2,14.93355729137614,9.222729302667377,28.4954195022583,floor
llama31_8b,45,KV-COBRA-MSE,k_only,0.5,ptb,25.93841499133713,17.398858411793377,28.620031118392944,floor
llama31_8b,45,KV-COBRA-MSE,k_only,0.5,c4,46.01213321915088,37.25664435662202,28.668859004974365,floor
llama31_8b,45,KV-COBRA-MSE,k_only,1.0,wikitext2,15.803311787501103,10.092483798792337,31.38328576087952,floor
llama31_8b,45,KV-COBRA-MSE,k_only,1.0,ptb,22.017007167033498,13.477450587489743,31.314693927764893,floor
llama31_8b,45,KV-COBRA-MSE,k_only,1.0,c4,30.72501674965111,21.969527887122247,31.2412052154541,floor
llama31_8b,45,KV-COBRA-MSE,k_only,1.5,wikitext2,17.298118379063414,11.587290390354646,32.2398841381073,floor
llama31_8b,45,KV-COBRA-MSE,k_only,1.5,ptb,27.043840177390823,18.50428359784707,32.172728538513184,floor
llama31_8b,45,KV-COBRA-MSE,k_only,1.5,c4,35.09132520644468,26.335836343915812,32.15930986404419,floor
llama31_8b,45,KV-COBRA-MSE,k_only,2.0,wikitext2,14.0031472911828,8.29231930247403,31.919942140579224,floor
llama31_8b,45,KV-COBRA-MSE,k_only,2.0,ptb,20.82850538651341,12.288948806969652,32.034032106399536,floor
llama31_8b,45,KV-COBRA-MSE,k_only,2.0,c4,28.273638311810668,19.518149449281804,31.91591501235962,floor
llama31_8b,45,KV-COBRA-MSE,k_only,2.5,wikitext2,6.11233090678777,0.4015029180790028,32.17752194404602,floor
llama31_8b,45,KV-COBRA-MSE,k_only,2.5,ptb,9.131345809452322,0.591789229908569,32.234835147857666,floor
llama31_8b,45,KV-COBRA-MSE,k_only,2.5,c4,9.58101789400332,0.8255290314744546,32.15970778465271,floor
llama31_8b,45,KV-COBRA-MSE,k_only,3.0,wikitext2,6.020981297341575,0.3101533086328079,31.926231384277344,floor
llama31_8b,45,KV-COBRA-MSE,k_only,3.0,ptb,8.94127178187982,0.4017152023360673,31.99036169052124,floor
llama31_8b,45,KV-COBRA-MSE,k_only,3.0,c4,9.354588202644443,0.5990993401155809,32.03120255470276,floor
llama31_8b,45,KV-COBRA-MSE,k_only,4.0,wikitext2,5.7883063074976775,0.0774783187889101,32.11645984649658,floor
llama31_8b,45,KV-COBRA-MSE,k_only,4.0,ptb,8.66660006615801,0.1270434866142569,32.27894711494446,floor
llama31_8b,45,KV-COBRA-MSE,k_only,4.0,c4,8.910229402374602,0.1547405398457382,32.30882692337036,floor
llama31_8b,45,KV-COBRA-KL,k_only,0.5,wikitext2,17.038553745612933,11.327725756904163,28.51081371307373,floor
llama31_8b,45,KV-COBRA-KL,k_only,0.5,ptb,33.98267158111142,25.443115001567666,28.4627742767334,floor
llama31_8b,45,KV-COBRA-KL,k_only,0.5,c4,83.68284248608654,74.92735362355768,28.5072283744812,floor
llama31_8b,45,KV-COBRA-KL,k_only,1.0,wikitext2,12.75323934867606,7.042411359967294,31.18116331100464,floor
llama31_8b,45,KV-COBRA-KL,k_only,1.0,ptb,20.91593284356812,12.376376264024367,31.131893396377563,floor
llama31_8b,45,KV-COBRA-KL,k_only,1.0,c4,25.175444126384708,16.419955263855844,31.30337810516357,floor
llama31_8b,45,KV-COBRA-KL,k_only,1.5,wikitext2,10.494405727563906,4.783577738855139,31.941434621810917,floor
llama31_8b,45,KV-COBRA-KL,k_only,1.5,ptb,17.812279826753983,9.27272324721023,31.7867534160614,floor
llama31_8b,45,KV-COBRA-KL,k_only,1.5,c4,21.255026100804898,12.499537238276034,31.829797744750977,floor
llama31_8b,45,KV-COBRA-KL,k_only,2.0,wikitext2,7.451103366534806,1.7402753778260385,32.017892360687256,floor
llama31_8b,45,KV-COBRA-KL,k_only,2.0,ptb,10.873449895772536,2.333893316228784,32.06010746955872,floor
llama31_8b,45,KV-COBRA-KL,k_only,2.0,c4,13.086417918255757,4.330929055726893,32.136919260025024,floor
llama31_8b,45,KV-COBRA-KL,k_only,2.5,wikitext2,6.149774695287506,0.4389467065787382,32.05995059013367,floor
llama31_8b,45,KV-COBRA-KL,k_only,2.5,ptb,9.189039681332993,0.6494831017892384,31.99949884414673,floor
llama31_8b,45,KV-COBRA-KL,k_only,2.5,c4,9.937320616870428,1.1818317543415642,32.07409119606018,floor
llama31_8b,45,KV-COBRA-KL,k_only,3.0,wikitext2,5.907831113809461,0.1970031251006938,32.17356491088867,floor
llama31_8b,45,KV-COBRA-KL,k_only,3.0,ptb,8.82799809174689,0.2884415122031374,32.17840933799744,floor
llama31_8b,45,KV-COBRA-KL,k_only,3.0,c4,9.170585757615056,0.4150968950861919,32.117985248565674,floor
llama31_8b,45,KV-COBRA-KL,k_only,4.0,wikitext2,5.787377265723302,0.0765492770145348,32.03942155838013,floor
llama31_8b,45,KV-COBRA-KL,k_only,4.0,ptb,8.63327720193999,0.093720622396237,32.04296088218689,floor
llama31_8b,45,KV-COBRA-KL,k_only,4.0,c4,8.913430980129242,0.1579421176003776,32.497323751449585,floor
llama31_8b,45,KV-COBRA-MSE,k_only,0.5,wikitext2,15.037103050500804,9.326275061792035,28.99511981010437,round
llama31_8b,45,KV-COBRA-MSE,k_only,0.5,ptb,26.692253059739862,18.15269648019611,29.196030139923096,round
llama31_8b,45,KV-COBRA-MSE,k_only,0.5,c4,45.42783343877796,36.672344576249095,29.225151538848877,round
llama31_8b,45,KV-COBRA-MSE,k_only,1.0,wikitext2,15.63079928895473,9.919971300245962,31.744261026382446,round
llama31_8b,45,KV-COBRA-MSE,k_only,1.0,ptb,21.80064694971975,13.261090370175996,31.81764030456543,round
llama31_8b,45,KV-COBRA-MSE,k_only,1.0,c4,31.243190524781063,22.4877016622522,31.841747283935547,round
llama31_8b,45,KV-COBRA-MSE,k_only,1.5,wikitext2,12.76182055907149,7.050992570362722,32.696014165878296,round
llama31_8b,45,KV-COBRA-MSE,k_only,1.5,ptb,20.119956268720983,11.58039968917723,32.70053195953369,round
llama31_8b,45,KV-COBRA-MSE,k_only,1.5,c4,25.65840321036224,16.902914347833377,32.695181369781494,round
llama31_8b,45,KV-COBRA-MSE,k_only,2.0,wikitext2,6.82576926711026,1.114941278401493,32.732067346572876,round
llama31_8b,45,KV-COBRA-MSE,k_only,2.0,ptb,10.113412123285968,1.5738555437422157,32.80326294898987,round
llama31_8b,45,KV-COBRA-MSE,k_only,2.0,c4,11.295760661021475,2.5402717984926113,32.8019061088562,round
llama31_8b,45,KV-COBRA-MSE,k_only,2.5,wikitext2,6.083711817266774,0.37288382855800695,32.844770669937134,round
llama31_8b,45,KV-COBRA-MSE,k_only,2.5,ptb,9.06749682836745,0.5279402488236968,32.819323778152466,round
llama31_8b,45,KV-COBRA-MSE,k_only,2.5,c4,9.49941885344686,0.7439299909179962,32.80670928955078,round
llama31_8b,45,KV-COBRA-MSE,k_only,3.0,wikitext2,5.983864284436426,0.27303629572765864,32.93436574935913,round
llama31_8b,45,KV-COBRA-MSE,k_only,3.0,ptb,8.876444714063572,0.33688813451981936,32.90240478515625,round
llama31_8b,45,KV-COBRA-MSE,k_only,3.0,c4,9.300190231258316,0.5447013687294522,32.941685914993286,round
llama31_8b,45,KV-COBRA-MSE,k_only,4.0,wikitext2,5.8107369361283725,0.0999089474196051,32.84119176864624,round
llama31_8b,45,KV-COBRA-MSE,k_only,4.0,ptb,8.673094432736391,0.13353785319263878,32.82237195968628,round
llama31_8b,45,KV-COBRA-MSE,k_only,4.0,c4,8.928227656056501,0.1727387935276372,32.8445098400116,round
llama31_8b,45,KV-COBRA-KL,k_only,0.5,wikitext2,17.39810032670417,11.687272337995402,28.940011024475098,round
llama31_8b,45,KV-COBRA-KL,k_only,0.5,ptb,34.12740032029625,25.5878437407525,29.022440433502197,round
llama31_8b,45,KV-COBRA-KL,k_only,0.5,c4,84.4591060948146,75.70361723228574,29.02300453186035,round
llama31_8b,45,KV-COBRA-KL,k_only,1.0,wikitext2,12.762600955362998,7.051772966654231,31.465522527694702,round
llama31_8b,45,KV-COBRA-KL,k_only,1.0,ptb,21.61811584890921,13.078559269365456,31.454683542251587,round
llama31_8b,45,KV-COBRA-KL,k_only,1.0,c4,26.07876736860247,17.323278506073606,31.899893760681152,round
llama31_8b,45,KV-COBRA-KL,k_only,1.5,wikitext2,7.475747914698501,1.7649199259897337,32.5184326171875,round
llama31_8b,45,KV-COBRA-KL,k_only,1.5,ptb,11.12260728161143,2.583050702067677,32.84998059272766,round
llama31_8b,45,KV-COBRA-KL,k_only,1.5,c4,13.305898290026386,4.550409427497522,32.283541440963745,round
llama31_8b,45,KV-COBRA-KL,k_only,2.0,wikitext2,6.798484971404679,1.0876569826959113,32.399680376052856,round
llama31_8b,45,KV-COBRA-KL,k_only,2.0,ptb,10.289949477343496,1.7503928977997436,32.3931519985199,round
llama31_8b,45,KV-COBRA-KL,k_only,2.0,c4,11.557509892088476,2.8020210295596115,32.42297315597534,round
llama31_8b,45,KV-COBRA-KL,k_only,2.5,wikitext2,6.041126588277075,0.33029859956830787,32.56722640991211,round
llama31_8b,45,KV-COBRA-KL,k_only,2.5,ptb,8.960976452934652,0.42141987339089937,32.616045236587524,round
llama31_8b,45,KV-COBRA-KL,k_only,2.5,c4,9.428382783414072,0.6728939208852083,32.62463712692261,round
llama31_8b,45,KV-COBRA-KL,k_only,3.0,wikitext2,5.90241472969498,0.19158674098621287,32.73971915245056,round
llama31_8b,45,KV-COBRA-KL,k_only,3.0,ptb,8.814782326332871,0.2752257467891184,32.72681188583374,round
llama31_8b,45,KV-COBRA-KL,k_only,3.0,c4,9.165259970183756,0.4097711076548922,32.71294951438904,round
llama31_8b,45,KV-COBRA-KL,k_only,4.0,wikitext2,5.786050321850027,0.07522233314125959,32.72552466392517,round
llama31_8b,45,KV-COBRA-KL,k_only,4.0,ptb,8.623120794349198,0.0835642148054454,32.75455403327942,round
llama31_8b,45,KV-COBRA-KL,k_only,4.0,c4,8.883028430149094,0.12753956762023044,32.87003493309021,round
