model,seed,method,kv_side,bits_per_dim,c1_rounding,dataset,ppl,delta,wall_s
mistral7b,45,FP16,fp16,16.0,-,wikitext2,4.769393256094344,0.0,0.0
mistral7b,45,FP16,fp16,16.0,-,ptb,27.0479747521626,0.0,0.0
mistral7b,45,FP16,fp16,16.0,-,c4,7.621898369710543,0.0,0.0
mistral7b,45,KV-COBRA-MSE,k_only,0.5,floor,wikitext2,8.979489018891984,4.21009576279764,28.254788875579838
mistral7b,45,KV-COBRA-MSE,k_only,0.5,floor,ptb,86.78624935246964,59.73827460030704,28.20457696914673
mistral7b,45,KV-COBRA-MSE,k_only,0.5,floor,c4,18.5214908817651,10.899592512054555,28.156928539276123
mistral7b,45,KV-COBRA-MSE,k_only,1.0,floor,wikitext2,7.25540730926779,2.486014053173446,30.919909477233887
mistral7b,45,KV-COBRA-MSE,k_only,1.0,floor,ptb,63.22092112619303,36.17294637403043,30.8668270111084
mistral7b,45,KV-COBRA-MSE,k_only,1.0,floor,c4,14.237349731030983,6.615451361320442,30.92690086364746
mistral7b,45,KV-COBRA-MSE,k_only,1.5,floor,wikitext2,6.670825412605662,1.9014321565113184,31.73059344291687
mistral7b,45,KV-COBRA-MSE,k_only,1.5,floor,ptb,41.853915068640845,14.805940316478242,31.7659695148468
mistral7b,45,KV-COBRA-MSE,k_only,1.5,floor,c4,18.70073247728106,11.078834107570518,31.784491777420044
mistral7b,45,KV-COBRA-MSE,k_only,2.0,floor,wikitext2,5.226510499486181,0.4571172433918367,31.666282653808597
mistral7b,45,KV-COBRA-MSE,k_only,2.0,floor,ptb,26.94397595411511,-0.1039987980474919,31.66490244865417
mistral7b,45,KV-COBRA-MSE,k_only,2.0,floor,c4,8.419586655334266,0.7976882856237228,31.67432713508606
mistral7b,45,KV-COBRA-MSE,k_only,2.5,floor,wikitext2,4.861668352529947,0.0922750964356033,31.865058183670044
mistral7b,45,KV-COBRA-MSE,k_only,2.5,floor,ptb,24.96961855818853,-2.0783561939740736,31.89886689186096
mistral7b,45,KV-COBRA-MSE,k_only,2.5,floor,c4,7.780831837911139,0.1589334682005958,31.80076575279236
mistral7b,45,KV-COBRA-MSE,k_only,3.0,floor,wikitext2,4.837980520765285,0.0685872646709411,31.742865085601807
mistral7b,45,KV-COBRA-MSE,k_only,3.0,floor,ptb,25.82920410624725,-1.2187706459153524,31.796274423599243
mistral7b,45,KV-COBRA-MSE,k_only,3.0,floor,c4,7.724772592642268,0.1028742229317254,31.759353160858154
mistral7b,45,KV-COBRA-MSE,k_only,4.0,floor,wikitext2,4.7804520578673015,0.0110588017729575,31.72379970550537
mistral7b,45,KV-COBRA-MSE,k_only,4.0,floor,ptb,26.367800239433794,-0.6801745127288079,31.86475706100464
mistral7b,45,KV-COBRA-MSE,k_only,4.0,floor,c4,7.654593290782635,0.0326949210720917,31.73585677146912
mistral7b,45,KV-COBRA-KL,k_only,0.5,floor,wikitext2,7.973799197107622,3.2044059410132784,28.120911836624146
mistral7b,45,KV-COBRA-KL,k_only,0.5,floor,ptb,84.88107068474557,57.83309593258296,28.179776668548584
mistral7b,45,KV-COBRA-KL,k_only,0.5,floor,c4,14.4614241015467,6.839525731836156,28.09679388999939
mistral7b,45,KV-COBRA-KL,k_only,1.0,floor,wikitext2,5.605991161416669,0.8365979053223249,30.83994436264038
mistral7b,45,KV-COBRA-KL,k_only,1.0,floor,ptb,33.022938753517764,5.974964001355161,30.74783158302307
mistral7b,45,KV-COBRA-KL,k_only,1.0,floor,c4,9.077343983190156,1.455445613479613,30.62544059753418
mistral7b,45,KV-COBRA-KL,k_only,1.5,floor,wikitext2,5.313883195987433,0.5444899398930891,31.55103206634521
mistral7b,45,KV-COBRA-KL,k_only,1.5,floor,ptb,30.197889461776715,3.149914709614112,31.48024106025696
mistral7b,45,KV-COBRA-KL,k_only,1.5,floor,c4,8.624900599039204,1.0030022293286611,31.449445009231567
mistral7b,45,KV-COBRA-KL,k_only,2.0,floor,wikitext2,5.04728615980912,0.2778929037147764,31.758792877197266
mistral7b,45,KV-COBRA-KL,k_only,2.0,floor,ptb,26.311427833564448,-0.7365469185981546,31.87463903427124
mistral7b,45,KV-COBRA-KL,k_only,2.0,floor,c4,8.134410559030263,0.51251218931972,31.760643243789676
mistral7b,45,KV-COBRA-KL,k_only,2.5,floor,wikitext2,4.86021929875097,0.0908260426566256,31.74470996856689
mistral7b,45,KV-COBRA-KL,k_only,2.5,floor,ptb,26.149427968277863,-0.8985467838847399,31.707072496414185
mistral7b,45,KV-COBRA-KL,k_only,2.5,floor,c4,7.807641106220721,0.1857427365101784,31.68657875061035
mistral7b,45,KV-COBRA-KL,k_only,3.0,floor,wikitext2,4.8177580263934505,0.0483647702991065,31.61176633834839
mistral7b,45,KV-COBRA-KL,k_only,3.0,floor,ptb,25.68273401316869,-1.365240738993908,31.674542665481567
mistral7b,45,KV-COBRA-KL,k_only,3.0,floor,c4,7.721761871513397,0.0998635018028544,31.5399649143219
mistral7b,45,KV-COBRA-KL,k_only,4.0,floor,wikitext2,4.782791188464573,0.0133979323702293,31.93065643310547
mistral7b,45,KV-COBRA-KL,k_only,4.0,floor,ptb,26.950567147784145,-0.097407604378457,31.86574864387512
mistral7b,45,KV-COBRA-KL,k_only,4.0,floor,c4,7.644770115701265,0.0228717459907219,32.37204194068909
mistral7b,45,KV-COBRA-MSE,k_only,0.5,round,wikitext2,8.837585154817267,4.068191898722923,28.101115226745605
mistral7b,45,KV-COBRA-MSE,k_only,0.5,round,ptb,86.93762762748146,59.88965287531886,28.212716102600098
mistral7b,45,KV-COBRA-MSE,k_only,0.5,round,c4,21.349138856831676,13.727240487121133,28.325316905975342
mistral7b,45,KV-COBRA-MSE,k_only,1.0,round,wikitext2,7.339745622188813,2.570352366094469,30.97867703437805
mistral7b,45,KV-COBRA-MSE,k_only,1.0,round,ptb,61.799041383731456,34.75106663156886,31.101876258850098
mistral7b,45,KV-COBRA-MSE,k_only,1.0,round,c4,15.39919575246451,7.777297382753966,31.145281553268433
mistral7b,45,KV-COBRA-MSE,k_only,1.5,round,wikitext2,5.321890836127262,0.5524975800329184,31.841061115264893
mistral7b,45,KV-COBRA-MSE,k_only,1.5,round,ptb,27.854491315178347,0.806516563015748,31.86883854866028
mistral7b,45,KV-COBRA-MSE,k_only,1.5,round,c4,8.632155452946195,1.0102570832356523,31.779566049575806
mistral7b,45,KV-COBRA-MSE,k_only,2.0,round,wikitext2,4.997342895712851,0.22794963961850723,31.88892412185669
mistral7b,45,KV-COBRA-MSE,k_only,2.0,round,ptb,26.22228427946755,-0.8256904726950474,31.967325448989868
mistral7b,45,KV-COBRA-MSE,k_only,2.0,round,c4,7.987524458279842,0.36562608856929923,31.856415271759033
mistral7b,45,KV-COBRA-MSE,k_only,2.5,round,wikitext2,4.8565428708880845,0.0871496147937405,31.882077932357788
mistral7b,45,KV-COBRA-MSE,k_only,2.5,round,ptb,25.300062369210536,-1.7479123829520624,31.981837511062622
mistral7b,45,KV-COBRA-MSE,k_only,2.5,round,c4,7.7732229206675685,0.15132455095702557,31.972140073776245
mistral7b,45,KV-COBRA-MSE,k_only,3.0,round,wikitext2,4.821331388481118,0.05193813238677425,31.848472595214844
mistral7b,45,KV-COBRA-MSE,k_only,3.0,round,ptb,24.63897031079536,-2.4090044413672373,31.93663454055786
mistral7b,45,KV-COBRA-MSE,k_only,3.0,round,c4,7.715449073492173,0.09355070378162988,31.944417476654053
mistral7b,45,KV-COBRA-MSE,k_only,4.0,round,wikitext2,4.77939251598213,0.009999259887786494,31.896646976470947
mistral7b,45,KV-COBRA-MSE,k_only,4.0,round,ptb,26.35812782787495,-0.6898469242876502,31.993988275527954
mistral7b,45,KV-COBRA-MSE,k_only,4.0,round,c4,7.656758423665729,0.03486005395518621,31.961685180664062
mistral7b,45,KV-COBRA-KL,k_only,0.5,round,wikitext2,7.9675848504445055,3.1981915943501615,28.352763175964355
mistral7b,45,KV-COBRA-KL,k_only,0.5,round,ptb,75.88554054031928,48.83756578815668,28.437172412872314
mistral7b,45,KV-COBRA-KL,k_only,0.5,round,c4,14.297220155862462,6.675321786151919,28.396000862121582
mistral7b,45,KV-COBRA-KL,k_only,1.0,round,wikitext2,5.583326554913661,0.8139332988193173,30.633833169937134
mistral7b,45,KV-COBRA-KL,k_only,1.0,round,ptb,32.18267082833087,5.134696076168272,31.155390739440918
mistral7b,45,KV-COBRA-KL,k_only,1.0,round,c4,9.08879953277749,1.4669011630669466,30.762191772460938
mistral7b,45,KV-COBRA-KL,k_only,1.5,round,wikitext2,5.150761282711084,0.3813680266167401,31.684824466705322
mistral7b,45,KV-COBRA-KL,k_only,1.5,round,ptb,28.076799368481772,1.0288246163191737,31.177122116088867
mistral7b,45,KV-COBRA-KL,k_only,1.5,round,c4,8.332133503670489,0.7102351339599462,31.185038328170776
mistral7b,45,KV-COBRA-KL,k_only,2.0,round,wikitext2,4.9178430397583694,0.1484497836640255,31.432125329971313
mistral7b,45,KV-COBRA-KL,k_only,2.0,round,ptb,26.27926915778468,-0.76870559437792,31.38826012611389
mistral7b,45,KV-COBRA-KL,k_only,2.0,round,c4,7.890855751414065,0.26895738170352246,31.46713161468506
mistral7b,45,KV-COBRA-KL,k_only,2.5,round,wikitext2,4.836242786906438,0.06684953081209422,31.793856382369995
mistral7b,45,KV-COBRA-KL,k_only,2.5,round,ptb,25.758227466507332,-1.2897472856552668,31.769245862960815
mistral7b,45,KV-COBRA-KL,k_only,2.5,round,c4,7.766511857589426,0.14461348787888273,31.804210662841797
mistral7b,45,KV-COBRA-KL,k_only,3.0,round,wikitext2,4.818494585279386,0.049101329185042175,31.617413759231567
mistral7b,45,KV-COBRA-KL,k_only,3.0,round,ptb,25.64350217732719,-1.4044725748354097,31.62176489830017
mistral7b,45,KV-COBRA-KL,k_only,3.0,round,c4,7.708434359509002,0.08653598979845878,31.61973810195923
mistral7b,45,KV-COBRA-KL,k_only,4.0,round,wikitext2,4.776361331744967,0.0069680756506231845,31.882497549057007
mistral7b,45,KV-COBRA-KL,k_only,4.0,round,ptb,26.269629221785024,-0.7783455303775746,31.90023422241211
mistral7b,45,KV-COBRA-KL,k_only,4.0,round,c4,7.648686179347322,0.026787809636779514,31.951353311538696
