model,seed,method,kv_side,bits_per_dim,narrativeqa,qasper,multifieldqa_en,hotpotqa,musique,mean,wall_s
mistral7b,44,FP16,fp16,16.0,11.379703818183206,15.216878829949588,19.449923309570675,7.515912242685699,4.156925919123623,11.54386882390256,
mistral7b,44,KV-COBRA-MSE,k_only,2.0,9.62935866070103,14.80642533045788,21.86641066240574,7.509044754645941,3.576056195590453,11.477459120760209,5711.547395944595
mistral7b,44,KV-COBRA-MSE,k_only,3.0,9.896236500375192,13.98018552373441,18.433906374361147,7.879444070982636,3.681385133610197,10.774231520612716,5771.194622755051
mistral7b,44,KV-COBRA-MSE,k_only,4.0,11.294730177681876,14.28789317043787,18.94095538760748,7.175963492579555,3.9664888413639567,11.133206213934148,5870.29398059845
mistral7b,44,KV-COBRA-KL,k_only,2.0,9.290353171581495,14.269503141541758,19.82154946381367,6.727982466526273,3.661666060765536,10.754210860845747,5704.159757614136
mistral7b,44,KV-COBRA-KL,k_only,3.0,11.049868603858371,12.765730107938284,20.152834896507745,8.7273121551316,4.194229683432748,11.377995089373751,5756.2027287483215
mistral7b,44,KV-COBRA-KL,k_only,4.0,9.117016407653889,16.145862060437377,19.305132665740423,7.927616557461759,4.243508177327169,11.347827173724124,5928.894448041916
mistral7b,44,KV-COBRA-MSE,k_only,1.5,6.7772479392692455,12.38926113634614,20.38419684174729,7.158686989207422,4.15171366890862,10.172221315095744,5940.795829772949
mistral7b,44,KV-COBRA-MSE,k_only,2.5,10.148227958790976,13.245322360159536,19.669340123639607,7.404144213965423,4.359765491683651,10.965360029647838,6037.205000400543
mistral7b,44,KV-COBRA-KL,k_only,1.5,10.57923206499058,10.532742506502014,20.877349640213566,7.413805976482648,2.958188108188108,10.472263659275384,5742.998561382294
mistral7b,44,KV-COBRA-KL,k_only,2.5,8.581338366623148,12.927977432803525,19.004584008533225,6.958850691348778,2.9059534991380835,10.075740799689353,5960.683273792267
mistral7b,44,KV-COBRA-MSE,k_only,0.5,4.814756811815635,11.30973892951333,13.298983993387044,5.629399606241712,2.471749956021056,7.504925859395756,4912.947638511658
mistral7b,44,KV-COBRA-MSE,k_only,1.0,6.8829251566702885,11.202429148396348,20.78836791368668,5.702516014524128,3.059617039307442,9.527171054516977,5566.718853235245
mistral7b,44,KV-COBRA-KL,k_only,0.5,4.453841177891521,9.901726293668258,16.432684358552663,6.747441204759993,2.3297390086436742,7.973086408703222,4801.518520593643
mistral7b,44,KV-COBRA-KL,k_only,1.0,9.238441187053391,13.706696687948778,21.058132363148065,7.429179456225933,3.1950527760559475,10.925500494086425,5436.152714014053
