model,seed,method,kv_side,bits_per_dim,c1_rounding,arc_c,hellaswag,piqa,winogrande,mmlu,mean,wall_s
llama31_8b,44,FP16,fp16,16.0,-,39.5,49.5,80.5,72.0,35.5,55.4,88.6334114074707
llama31_8b,44,KV-COBRA-MSE,k_only,0.5,floor,30.5,47.0,73.0,57.49999999999999,32.5,48.1,1066.811766386032
llama31_8b,44,KV-COBRA-MSE,k_only,1.0,floor,32.5,47.0,77.0,65.5,35.0,51.4,1210.2130188941956
llama31_8b,44,KV-COBRA-KL,k_only,0.5,floor,31.0,47.0,71.0,60.5,30.0,47.9,1060.827772140503
llama31_8b,44,KV-COBRA-KL,k_only,1.0,floor,33.5,48.0,74.0,64.5,32.0,50.4,1211.7956035137177
llama31_8b,44,KV-COBRA-MSE,k_only,1.5,round,38.0,49.0,78.5,65.5,36.0,53.4,1358.8469893932343
llama31_8b,44,KV-COBRA-MSE,k_only,2.0,round,38.0,49.5,80.0,71.5,33.5,54.5,1246.0909140110016
llama31_8b,44,KV-COBRA-MSE,k_only,2.5,round,36.0,49.5,81.5,70.5,35.0,54.5,1255.2158334255219
llama31_8b,44,KV-COBRA-MSE,k_only,3.0,round,39.0,50.0,80.5,70.5,34.5,54.9,1252.9453601837158
llama31_8b,44,KV-COBRA-MSE,k_only,4.0,round,38.5,50.0,81.0,73.0,36.5,55.8,1257.235020160675
llama31_8b,44,KV-COBRA-KL,k_only,1.5,round,37.0,49.0,78.5,64.5,35.0,52.8,1228.770043849945
llama31_8b,44,KV-COBRA-KL,k_only,2.0,round,36.5,48.0,79.5,69.0,36.5,53.9,1248.6619267463684
llama31_8b,44,KV-COBRA-KL,k_only,2.5,round,39.5,49.0,81.5,73.0,33.5,55.3,1248.9498817920685
