model,seed,method,kv_side,bits_per_dim,arc_c,hellaswag,piqa,winogrande,mmlu,mean,wall_s
mistral7b,44,FP16,fp16,16.0,42.5,50.5,80.0,72.0,36.5,56.3,
mistral7b,44,KV-COBRA-MSE,k_only,2.0,43.5,50.0,78.5,65.5,34.5,54.4,1180.6361737251282
mistral7b,44,KV-COBRA-MSE,k_only,3.0,42.0,51.0,80.0,73.5,37.0,56.7,1198.5250267982483
mistral7b,44,KV-COBRA-MSE,k_only,4.0,42.5,50.5,79.5,72.0,36.5,56.2,1212.0949156284332
mistral7b,44,KV-COBRA-KL,k_only,2.0,43.0,49.5,78.0,72.0,36.0,55.7,1176.671353816986
mistral7b,44,KV-COBRA-KL,k_only,3.0,43.0,50.5,80.0,72.5,36.5,56.5,1193.4220037460327
mistral7b,44,KV-COBRA-KL,k_only,4.0,43.0,50.5,79.5,70.0,36.5,55.9,1209.9674088954926
mistral7b,44,KV-COBRA-MSE,k_only,1.5,38.5,50.5,77.5,67.5,38.0,54.4,1182.6909239292145
mistral7b,44,KV-COBRA-MSE,k_only,2.5,43.0,50.5,78.5,71.5,34.5,55.6,1163.8168504238129
mistral7b,44,KV-COBRA-KL,k_only,1.5,40.0,49.5,78.5,70.5,35.0,54.7,1135.9414439201355
mistral7b,44,KV-COBRA-KL,k_only,2.5,43.0,50.5,81.0,69.0,36.0,55.9,1156.8844771385193
mistral7b,44,KV-COBRA-MSE,k_only,0.5,34.5,50.0,77.0,65.0,34.0,52.1,1052.9915113449097
mistral7b,44,KV-COBRA-MSE,k_only,1.0,38.0,50.0,79.5,71.0,34.5,54.6,1156.079253911972
mistral7b,44,KV-COBRA-KL,k_only,0.5,33.0,49.5,77.0,69.5,34.0,52.6,1080.3736827373505
mistral7b,44,KV-COBRA-KL,k_only,1.0,41.0,51.5,77.5,72.0,36.0,55.6,1155.2981069087982
